fork,round,structure,workload,n,m,operations,elapsed_ns,ns_per_op,checksum
2,1,ArrayList,contains_miss,100000,1000,1000,167571000,167571.000000,199999
2,1,DynamicArray,contains_hit,1000,1000,1000,3931600,3931.600000,2999
2,1,DynamicArray,tail_pairs,1000,1000,2000,34500,17.250000,41810688536
2,1,ArrayList,tail_pairs,100000,1000,2000,96900,48.450000,13988981226
2,1,ArrayList,contains_hit,100000,1000,1000,76865400,76865.400000,200999
2,1,MinHeap,peek_min,1000,1000,1000,600,0.600000,-2140783528000
2,1,MinHeap,insert_extract,1000,1000,2000,298600,149.300000,-1081237753583
2,1,DynamicArray,random_get,1000,1000,1000,13300,13.300000,504100
2,1,JavaLinkedList,mixed,1000,1000,1100,551600,501.454545,-411037099
2,1,JavaLinkedList,tail_pairs,100000,1000,2000,113000,56.500000,13988981226
2,1,ArrayList,contains_miss,10000,1000,1000,15682900,15682.900000,19999
2,1,DynamicArray,mixed,1000,1000,1100,893200,812.000000,-411037099
2,1,JavaLinkedList,front_pairs,1000,1000,2000,37600,18.800000,41810688536
2,1,LinkedList,mixed,100000,1000,1100,93846500,85315.000000,-9491243704
2,1,JavaLinkedList,mixed,10000,1000,1100,6380800,5800.727273,11121365499
2,1,LinkedList,tail_pairs,100000,1000,2000,117300,58.650000,13988981226
2,1,LinkedList,mixed,1000,1000,1100,771000,700.909091,-411037099
2,1,MinHeap,insert_extract,10000,1000,2000,501300,250.650000,-1963426808933
2,1,JavaLinkedList,contains_miss,100000,1000,1000,316541400,316541.400000,199999
2,1,ArrayList,random_get,1000,1000,1000,18200,18.200000,504100
2,1,PriorityQueue,insert_extract,1000,1000,2000,205800,102.900000,-1081237753583
2,1,ArrayList,append,10000,10000,10000,400200,40.020000,19999
2,1,JavaLinkedList,front_pairs,10000,1000,2000,55000,27.500000,11600347314
2,1,LinkedList,append,10000,10000,10000,261700,26.170000,19999
2,1,DynamicArray,tail_pairs,10000,1000,2000,48400,24.200000,11600347314
2,1,JavaLinkedList,random_get,1000,1000,1000,455100,455.100000,504100
2,1,JavaLinkedList,append,10000,10000,10000,479100,47.910000,19999
2,1,LinkedList,append,1000,1000,1000,62800,62.800000,1999
2,1,MinHeap,peek_min,10000,1000,1000,13300,13.300000,-2147384815000
2,1,ArrayList,middle_pairs,100000,1000,2000,28166300,14083.150000,13988981226
2,1,PriorityQueue,peek_min,10000,1000,1000,33900,33.900000,-2147384815000
2,1,PriorityQueue,build_drain,10000,10000,20000,3218400,160.920000,672278366117189062
2,1,JavaLinkedList,front_pairs,100000,1000,2000,294000,147.000000,13988981226
2,1,PriorityQueue,build_drain,100000,100000,200000,55551100,277.755500,-350351884665564429
2,1,LinkedList,tail_pairs,10000,1000,2000,110400,55.200000,11600347314
2,1,DynamicArray,random_get,10000,1000,1000,44000,44.000000,4963002
2,1,LinkedList,contains_hit,1000,1000,1000,3707100,3707.100000,2999
2,1,LinkedList,random_get,100000,1000,1000,55055400,55055.400000,50310825
2,1,DynamicArray,front_pairs,100000,1000,2000,3194337000,1597168.500000,13988981226
2,1,PriorityQueue,insert_extract,100000,1000,2000,575200,287.600000,-2126723103145
2,1,JavaLinkedList,append,1000,1000,1000,66100,66.100000,1999
2,1,ArrayList,tail_pairs,1000,1000,2000,31300,15.650000,41810688536
2,1,ArrayList,mixed,10000,1000,1100,1177400,1070.363636,11121365499
2,1,ArrayList,front_pairs,100000,1000,2000,57192300,28596.150000,13988981226
2,1,ArrayList,contains_hit,1000,1000,1000,723500,723.500000,2999
2,1,DynamicArray,middle_pairs,100000,1000,2000,1594604200,797302.100000,13988981226
2,1,PriorityQueue,build_drain,1000,1000,2000,218900,109.450000,-340482001953199338
2,1,JavaLinkedList,random_get,10000,1000,1000,4944800,4944.800000,4963002
2,1,PriorityQueue,peek_min,1000,1000,1000,700,0.700000,-2140783528000
2,1,JavaLinkedList,contains_hit,1000,1000,1000,1167100,1167.100000,2999
2,1,LinkedList,middle_pairs,100000,1000,2000,205388200,102694.100000,13988981226
2,1,JavaLinkedList,contains_hit,10000,1000,1000,12835800,12835.800000,20999
2,1,MinHeap,insert_extract,100000,1000,2000,844300,422.150000,-2126723103145
2,1,ArrayList,contains_miss,1000,1000,1000,1465600,1465.600000,1999
2,1,DynamicArray,front_pairs,1000,1000,2000,10352700,5176.350000,41810688536
2,1,JavaLinkedList,mixed,100000,1000,1100,71927300,65388.454545,-9491243704
2,1,JavaLinkedList,contains_hit,100000,1000,1000,143651700,143651.700000,200999
2,1,JavaLinkedList,tail_pairs,10000,1000,2000,39100,19.550000,11600347314
2,1,DynamicArray,contains_hit,10000,1000,1000,42953400,42953.400000,20999
2,1,DynamicArray,contains_miss,100000,1000,1000,823998600,823998.600000,199999
2,1,JavaLinkedList,contains_miss,1000,1000,1000,2497500,2497.500000,1999
2,1,JavaLinkedList,tail_pairs,1000,1000,2000,37300,18.650000,41810688536
2,1,DynamicArray,contains_hit,100000,1000,1000,404199600,404199.600000,200999
2,1,ArrayList,mixed,100000,1000,1100,10059800,9145.272727,-9491243704
2,1,DynamicArray,append,100000,100000,100000,2208500,22.085000,199999
2,1,LinkedList,front_pairs,10000,1000,2000,35000,17.500000,11600347314
2,1,MinHeap,build_drain,100000,100000,200000,78479800,392.399000,-350351884665564429
2,1,LinkedList,random_get,1000,1000,1000,432100,432.100000,504100
2,1,DynamicArray,contains_miss,1000,1000,1000,8148000,8148.000000,1999
2,1,DynamicArray,append,10000,10000,10000,205900,20.590000,19999
2,1,LinkedList,tail_pairs,1000,1000,2000,32700,16.350000,41810688536
2,1,ArrayList,front_pairs,10000,1000,2000,3920300,1960.150000,11600347314
2,1,DynamicArray,contains_miss,10000,1000,1000,82449100,82449.100000,19999
2,1,JavaLinkedList,random_get,100000,1000,1000,48433500,48433.500000,50310825
2,1,DynamicArray,front_pairs,10000,1000,2000,106353900,53176.950000,11600347314
2,1,LinkedList,middle_pairs,10000,1000,2000,18910400,9455.200000,11600347314
2,1,MinHeap,build_drain,10000,10000,20000,4111800,205.590000,672278366117189062
2,1,ArrayList,append,100000,100000,100000,1668300,16.683000,199999
2,1,PriorityQueue,insert_extract,10000,1000,2000,304400,152.200000,-1963426808933
2,1,JavaLinkedList,middle_pairs,100000,1000,2000,193103400,96551.700000,13988981226
2,1,JavaLinkedList,middle_pairs,10000,1000,2000,17582200,8791.100000,11600347314
2,1,ArrayList,contains_hit,10000,1000,1000,7217300,7217.300000,20999
2,1,LinkedList,append,100000,100000,100000,1503000,15.030000,199999
2,1,JavaLinkedList,contains_miss,10000,1000,1000,25739500,25739.500000,19999
2,1,LinkedList,middle_pairs,1000,1000,2000,1676800,838.400000,41810688536
2,1,DynamicArray,append,1000,1000,1000,18300,18.300000,1999
2,1,LinkedList,contains_hit,10000,1000,1000,34816200,34816.200000,20999
2,1,MinHeap,build_drain,1000,1000,2000,270000,135.000000,-340482001953199338
2,1,ArrayList,append,1000,1000,1000,20600,20.600000,1999
2,1,LinkedList,contains_miss,1000,1000,1000,7437300,7437.300000,1999
2,1,ArrayList,tail_pairs,10000,1000,2000,31900,15.950000,11600347314
2,1,LinkedList,front_pairs,1000,1000,2000,32000,16.000000,41810688536
2,1,ArrayList,random_get,100000,1000,1000,24800,24.800000,50310825
2,1,ArrayList,mixed,1000,1000,1100,114500,104.090909,-411037099
2,1,LinkedList,random_get,10000,1000,1000,4499000,4499.000000,4963002
2,1,JavaLinkedList,middle_pairs,1000,1000,2000,1807800,903.900000,41810688536
2,1,LinkedList,contains_miss,100000,1000,1000,729905700,729905.700000,199999
2,1,DynamicArray,random_get,100000,1000,1000,63500,63.500000,50310825
2,1,LinkedList,mixed,10000,1000,1100,7885800,7168.909091,11121365499
2,1,ArrayList,middle_pairs,1000,1000,2000,301500,150.750000,41810688536
2,1,DynamicArray,middle_pairs,1000,1000,2000,5149100,2574.550000,41810688536
2,1,LinkedList,contains_miss,10000,1000,1000,70403600,70403.600000,19999
2,1,PriorityQueue,peek_min,100000,1000,1000,1500,1.500000,-2147450520000
2,1,DynamicArray,tail_pairs,100000,1000,2000,101200,50.600000,13988981226
2,1,LinkedList,contains_hit,100000,1000,1000,356153300,356153.300000,200999
2,1,ArrayList,middle_pairs,10000,1000,2000,1856100,928.050000,11600347314
2,1,DynamicArray,mixed,10000,1000,1100,9121100,8291.909091,11121365499
2,1,LinkedList,front_pairs,100000,1000,2000,98000,49.000000,13988981226
2,1,MinHeap,peek_min,100000,1000,1000,1700,1.700000,-2147450520000
2,1,DynamicArray,mixed,100000,1000,1100,198257500,180234.090909,-9491243704
2,1,JavaLinkedList,append,100000,100000,100000,1630500,16.305000,199999
2,1,DynamicArray,middle_pairs,10000,1000,2000,53439400,26719.700000,11600347314
2,1,ArrayList,random_get,10000,1000,1000,18900,18.900000,4963002
2,1,ArrayList,front_pairs,1000,1000,2000,496300,248.150000,41810688536
2,2,PriorityQueue,build_drain,1000,1000,2000,222300,111.150000,-340482001953199338
2,2,JavaLinkedList,mixed,1000,1000,1100,575900,523.545455,-411037099
2,2,ArrayList,middle_pairs,100000,1000,2000,26890100,13445.050000,13988981226
2,2,DynamicArray,front_pairs,1000,1000,2000,10391300,5195.650000,41810688536
2,2,LinkedList,contains_hit,1000,1000,1000,3645200,3645.200000,2999
2,2,MinHeap,peek_min,100000,1000,1000,1200,1.200000,-2147450520000
2,2,LinkedList,front_pairs,10000,1000,2000,46600,23.300000,11600347314
2,2,JavaLinkedList,contains_hit,1000,1000,1000,1179900,1179.900000,2999
2,2,ArrayList,random_get,1000,1000,1000,11200,11.200000,504100
2,2,DynamicArray,middle_pairs,100000,1000,2000,1599220000,799610.000000,13988981226
2,2,ArrayList,contains_miss,1000,1000,1000,1333600,1333.600000,1999
2,2,ArrayList,append,1000,1000,1000,18400,18.400000,1999
2,2,ArrayList,mixed,10000,1000,1100,944700,858.818182,11121365499
2,2,LinkedList,tail_pairs,100000,1000,2000,159000,79.500000,13988981226
2,2,ArrayList,tail_pairs,1000,1000,2000,32300,16.150000,41810688536
2,2,LinkedList,mixed,1000,1000,1100,821100,746.454545,-411037099
2,2,PriorityQueue,build_drain,10000,10000,20000,3076700,153.835000,672278366117189062
2,2,LinkedList,contains_hit,10000,1000,1000,34849200,34849.200000,20999
2,2,ArrayList,append,10000,10000,10000,263900,26.390000,19999
2,2,DynamicArray,mixed,1000,1000,1100,860100,781.909091,-411037099
2,2,MinHeap,build_drain,1000,1000,2000,274700,137.350000,-340482001953199338
2,2,JavaLinkedList,middle_pairs,10000,1000,2000,18216700,9108.350000,11600347314
2,2,JavaLinkedList,random_get,100000,1000,1000,47029000,47029.000000,50310825
2,2,LinkedList,middle_pairs,10000,1000,2000,18182700,9091.350000,11600347314
2,2,LinkedList,random_get,10000,1000,1000,4459300,4459.300000,4963002
2,2,JavaLinkedList,append,100000,100000,100000,1539300,15.393000,199999
2,2,ArrayList,tail_pairs,100000,1000,2000,85700,42.850000,13988981226
2,2,LinkedList,contains_miss,100000,1000,1000,737277800,737277.800000,199999
2,2,JavaLinkedList,front_pairs,1000,1000,2000,36700,18.350000,41810688536
2,2,JavaLinkedList,random_get,1000,1000,1000,419600,419.600000,504100
2,2,PriorityQueue,insert_extract,100000,1000,2000,736000,368.000000,-2126723103145
2,2,DynamicArray,middle_pairs,10000,1000,2000,53196200,26598.100000,11600347314
2,2,ArrayList,append,100000,100000,100000,1852200,18.522000,199999
2,2,ArrayList,front_pairs,1000,1000,2000,915000,457.500000,41810688536
2,2,LinkedList,tail_pairs,1000,1000,2000,34200,17.100000,41810688536
2,2,ArrayList,contains_hit,100000,1000,1000,69698600,69698.600000,200999
2,2,JavaLinkedList,mixed,100000,1000,1100,63057800,57325.272727,-9491243704
2,2,DynamicArray,random_get,100000,1000,1000,61700,61.700000,50310825
2,2,JavaLinkedList,tail_pairs,1000,1000,2000,64600,32.300000,41810688536
2,2,DynamicArray,append,100000,100000,100000,2089400,20.894000,199999
2,2,DynamicArray,append,10000,10000,10000,164400,16.440000,19999
2,2,ArrayList,random_get,10000,1000,1000,13500,13.500000,4963002
2,2,DynamicArray,append,1000,1000,1000,14400,14.400000,1999
2,2,DynamicArray,contains_hit,100000,1000,1000,401472900,401472.900000,200999
2,2,JavaLinkedList,contains_miss,10000,1000,1000,29041200,29041.200000,19999
2,2,LinkedList,middle_pairs,100000,1000,2000,191286700,95643.350000,13988981226
2,2,DynamicArray,front_pairs,10000,1000,2000,105730100,52865.050000,11600347314
2,2,MinHeap,insert_extract,1000,1000,2000,292700,146.350000,-1081237753583
2,2,MinHeap,insert_extract,10000,1000,2000,412300,206.150000,-1963426808933
2,2,LinkedList,contains_hit,100000,1000,1000,367251100,367251.100000,200999
2,2,JavaLinkedList,middle_pairs,100000,1000,2000,194880500,97440.250000,13988981226
2,2,MinHeap,build_drain,10000,10000,20000,4090300,204.515000,672278366117189062
2,2,ArrayList,contains_hit,1000,1000,1000,655600,655.600000,2999
2,2,DynamicArray,middle_pairs,1000,1000,2000,5270900,2635.450000,41810688536
2,2,DynamicArray,mixed,100000,1000,1100,197953200,179957.454545,-9491243704
2,2,ArrayList,random_get,100000,1000,1000,27500,27.500000,50310825
2,2,ArrayList,contains_miss,100000,1000,1000,156221200,156221.200000,199999
2,2,DynamicArray,random_get,1000,1000,1000,13100,13.100000,504100
2,2,ArrayList,middle_pairs,10000,1000,2000,1988700,994.350000,11600347314
2,2,DynamicArray,front_pairs,100000,1000,2000,3192141200,1596070.600000,13988981226
2,2,JavaLinkedList,front_pairs,100000,1000,2000,142300,71.150000,13988981226
2,2,ArrayList,mixed,100000,1000,1100,10158900,9235.363636,-9491243704
2,2,ArrayList,middle_pairs,1000,1000,2000,288500,144.250000,41810688536
2,2,DynamicArray,mixed,10000,1000,1100,9315200,8468.363636,11121365499
2,2,JavaLinkedList,front_pairs,10000,1000,2000,57900,28.950000,11600347314
2,2,JavaLinkedList,contains_hit,100000,1000,1000,145410200,145410.200000,200999
2,2,JavaLinkedList,contains_hit,10000,1000,1000,13713800,13713.800000,20999
2,2,ArrayList,contains_miss,10000,1000,1000,14767500,14767.500000,19999
2,2,JavaLinkedList,random_get,10000,1000,1000,4427000,4427.000000,4963002
2,2,JavaLinkedList,append,10000,10000,10000,187900,18.790000,19999
2,2,PriorityQueue,peek_min,10000,1000,1000,1400,1.400000,-2147384815000
2,2,DynamicArray,tail_pairs,1000,1000,2000,28400,14.200000,41810688536
2,2,DynamicArray,contains_miss,10000,1000,1000,83222000,83222.000000,19999
2,2,JavaLinkedList,contains_miss,1000,1000,1000,2531800,2531.800000,1999
2,2,JavaLinkedList,mixed,10000,1000,1100,5631800,5119.818182,11121365499
2,2,LinkedList,front_pairs,1000,1000,2000,35500,17.750000,41810688536
2,2,MinHeap,peek_min,10000,1000,1000,1400,1.400000,-2147384815000
2,2,ArrayList,front_pairs,100000,1000,2000,58027600,29013.800000,13988981226
2,2,PriorityQueue,build_drain,100000,100000,200000,51295500,256.477500,-350351884665564429
2,2,LinkedList,contains_miss,1000,1000,1000,8219700,8219.700000,1999
2,2,DynamicArray,contains_miss,100000,1000,1000,826837000,826837.000000,199999
2,2,ArrayList,contains_hit,10000,1000,1000,7483500,7483.500000,20999
2,2,ArrayList,tail_pairs,10000,1000,2000,35900,17.950000,11600347314
2,2,LinkedList,mixed,10000,1000,1100,7672200,6974.727273,11121365499
2,2,DynamicArray,contains_hit,10000,1000,1000,42226300,42226.300000,20999
2,2,ArrayList,mixed,1000,1000,1100,117600,106.909091,-411037099
2,2,JavaLinkedList,middle_pairs,1000,1000,2000,1714200,857.100000,41810688536
2,2,PriorityQueue,insert_extract,1000,1000,2000,200700,100.350000,-1081237753583
2,2,DynamicArray,random_get,10000,1000,1000,37700,37.700000,4963002
2,2,LinkedList,random_get,1000,1000,1000,420000,420.000000,504100
2,2,ArrayList,front_pairs,10000,1000,2000,3903000,1951.500000,11600347314
2,2,LinkedList,mixed,100000,1000,1100,92891800,84447.090909,-9491243704
2,2,MinHeap,build_drain,100000,100000,200000,78800700,394.003500,-350351884665564429
2,2,LinkedList,contains_miss,10000,1000,1000,72590000,72590.000000,19999
2,2,DynamicArray,contains_miss,1000,1000,1000,9006500,9006.500000,1999
2,2,DynamicArray,contains_hit,1000,1000,1000,3965900,3965.900000,2999
2,2,LinkedList,append,10000,10000,10000,160800,16.080000,19999
2,2,LinkedList,random_get,100000,1000,1000,55225500,55225.500000,50310825
2,2,JavaLinkedList,tail_pairs,100000,1000,2000,106100,53.050000,13988981226
2,2,PriorityQueue,peek_min,100000,1000,1000,2100,2.100000,-2147450520000
2,2,DynamicArray,tail_pairs,10000,1000,2000,120000,60.000000,11600347314
2,2,LinkedList,append,1000,1000,1000,14700,14.700000,1999
2,2,LinkedList,tail_pairs,10000,1000,2000,29100,14.550000,11600347314
2,2,PriorityQueue,peek_min,1000,1000,1000,400,0.400000,-2140783528000
2,2,JavaLinkedList,contains_miss,100000,1000,1000,352035800,352035.800000,199999
2,2,MinHeap,peek_min,1000,1000,1000,1100,1.100000,-2140783528000
2,2,LinkedList,middle_pairs,1000,1000,2000,1705000,852.500000,41810688536
2,2,DynamicArray,tail_pairs,100000,1000,2000,124600,62.300000,13988981226
2,2,LinkedList,append,100000,100000,100000,1644800,16.448000,199999
2,2,MinHeap,insert_extract,100000,1000,2000,973000,486.500000,-2126723103145
2,2,PriorityQueue,insert_extract,10000,1000,2000,325800,162.900000,-1963426808933
2,2,JavaLinkedList,tail_pairs,10000,1000,2000,39700,19.850000,11600347314
2,2,JavaLinkedList,append,1000,1000,1000,18800,18.800000,1999
2,2,LinkedList,front_pairs,100000,1000,2000,126000,63.000000,13988981226
2,3,ArrayList,middle_pairs,1000,1000,2000,290900,145.450000,41810688536
2,3,DynamicArray,contains_hit,10000,1000,1000,41745900,41745.900000,20999
2,3,ArrayList,middle_pairs,10000,1000,2000,1737200,868.600000,11600347314
2,3,LinkedList,contains_miss,1000,1000,1000,6981400,6981.400000,1999
2,3,ArrayList,append,10000,10000,10000,298100,29.810000,19999
2,3,ArrayList,tail_pairs,1000,1000,2000,36400,18.200000,41810688536
2,3,JavaLinkedList,contains_miss,100000,1000,1000,336672600,336672.600000,199999
2,3,ArrayList,front_pairs,10000,1000,2000,4282900,2141.450000,11600347314
2,3,LinkedList,contains_hit,10000,1000,1000,36984500,36984.500000,20999
2,3,DynamicArray,random_get,1000,1000,1000,24100,24.100000,504100
2,3,ArrayList,contains_miss,100000,1000,1000,167603500,167603.500000,199999
2,3,ArrayList,mixed,1000,1000,1100,117300,106.636364,-411037099
2,3,DynamicArray,mixed,1000,1000,1100,859600,781.454545,-411037099
2,3,JavaLinkedList,append,10000,10000,10000,170600,17.060000,19999
2,3,JavaLinkedList,contains_miss,1000,1000,1000,2673800,2673.800000,1999
2,3,DynamicArray,tail_pairs,100000,1000,2000,127200,63.600000,13988981226
2,3,JavaLinkedList,front_pairs,10000,1000,2000,64400,32.200000,11600347314
2,3,DynamicArray,contains_miss,100000,1000,1000,838043500,838043.500000,199999
2,3,DynamicArray,contains_hit,1000,1000,1000,3941100,3941.100000,2999
2,3,JavaLinkedList,tail_pairs,10000,1000,2000,58000,29.000000,11600347314
2,3,DynamicArray,random_get,10000,1000,1000,19800,19.800000,4963002
2,3,LinkedList,contains_miss,100000,1000,1000,781678400,781678.400000,199999
2,3,LinkedList,append,1000,1000,1000,14600,14.600000,1999
2,3,LinkedList,front_pairs,100000,1000,2000,113600,56.800000,13988981226
2,3,JavaLinkedList,mixed,100000,1000,1100,64148400,58316.727273,-9491243704
2,3,JavaLinkedList,random_get,1000,1000,1000,418200,418.200000,504100
2,3,LinkedList,random_get,10000,1000,1000,4758300,4758.300000,4963002
2,3,ArrayList,front_pairs,100000,1000,2000,59593400,29796.700000,13988981226
2,3,MinHeap,build_drain,100000,100000,200000,77734300,388.671500,-350351884665564429
2,3,ArrayList,random_get,1000,1000,1000,11900,11.900000,504100
2,3,LinkedList,tail_pairs,100000,1000,2000,96600,48.300000,13988981226
2,3,DynamicArray,mixed,100000,1000,1100,198339800,180308.909091,-9491243704
2,3,PriorityQueue,build_drain,100000,100000,200000,52403200,262.016000,-350351884665564429
2,3,JavaLinkedList,contains_miss,10000,1000,1000,27423900,27423.900000,19999
2,3,JavaLinkedList,mixed,10000,1000,1100,5821600,5292.363636,11121365499
2,3,ArrayList,random_get,10000,1000,1000,15400,15.400000,4963002
2,3,LinkedList,contains_hit,100000,1000,1000,367362800,367362.800000,200999
2,3,MinHeap,insert_extract,1000,1000,2000,283200,141.600000,-1081237753583
2,3,MinHeap,peek_min,100000,1000,1000,1400,1.400000,-2147450520000
2,3,ArrayList,contains_hit,1000,1000,1000,684300,684.300000,2999
2,3,DynamicArray,front_pairs,1000,1000,2000,10715400,5357.700000,41810688536
2,3,DynamicArray,append,10000,10000,10000,175800,17.580000,19999
2,3,JavaLinkedList,random_get,100000,1000,1000,46142500,46142.500000,50310825
2,3,JavaLinkedList,tail_pairs,100000,1000,2000,91100,45.550000,13988981226
2,3,JavaLinkedList,middle_pairs,100000,1000,2000,187438400,93719.200000,13988981226
2,3,PriorityQueue,build_drain,10000,10000,20000,3033300,151.665000,672278366117189062
2,3,ArrayList,tail_pairs,10000,1000,2000,32700,16.350000,11600347314
2,3,LinkedList,tail_pairs,1000,1000,2000,38000,19.000000,41810688536
2,3,LinkedList,contains_miss,10000,1000,1000,71585000,71585.000000,19999
2,3,JavaLinkedList,contains_hit,10000,1000,1000,13810900,13810.900000,20999
2,3,MinHeap,build_drain,10000,10000,20000,4126700,206.335000,672278366117189062
2,3,DynamicArray,contains_miss,10000,1000,1000,81900600,81900.600000,19999
2,3,LinkedList,contains_hit,1000,1000,1000,3387900,3387.900000,2999
2,3,JavaLinkedList,contains_hit,100000,1000,1000,154994600,154994.600000,200999
2,3,PriorityQueue,peek_min,1000,1000,1000,500,0.500000,-2140783528000
2,3,ArrayList,contains_miss,10000,1000,1000,15139200,15139.200000,19999
2,3,ArrayList,mixed,100000,1000,1100,10419200,9472.000000,-9491243704
2,3,PriorityQueue,insert_extract,100000,1000,2000,486500,243.250000,-2126723103145
2,3,LinkedList,mixed,10000,1000,1100,8270600,7518.727273,11121365499
2,3,DynamicArray,append,100000,100000,100000,2532300,25.323000,199999
2,3,LinkedList,append,10000,10000,10000,178600,17.860000,19999
2,3,DynamicArray,random_get,100000,1000,1000,89800,89.800000,50310825
2,3,DynamicArray,contains_hit,100000,1000,1000,407704100,407704.100000,200999
2,3,ArrayList,random_get,100000,1000,1000,26200,26.200000,50310825
2,3,DynamicArray,front_pairs,10000,1000,2000,105441500,52720.750000,11600347314
2,3,JavaLinkedList,front_pairs,100000,1000,2000,175000,87.500000,13988981226
2,3,JavaLinkedList,middle_pairs,1000,1000,2000,1696900,848.450000,41810688536
2,3,LinkedList,random_get,1000,1000,1000,420700,420.700000,504100
2,3,ArrayList,contains_hit,100000,1000,1000,71132800,71132.800000,200999
2,3,PriorityQueue,peek_min,100000,1000,1000,1200,1.200000,-2147450520000
2,3,PriorityQueue,insert_extract,10000,1000,2000,311100,155.550000,-1963426808933
2,3,MinHeap,build_drain,1000,1000,2000,273400,136.700000,-340482001953199338
2,3,JavaLinkedList,contains_hit,1000,1000,1000,1194800,1194.800000,2999
2,3,LinkedList,mixed,1000,1000,1100,737200,670.181818,-411037099
2,3,JavaLinkedList,mixed,1000,1000,1100,562500,511.363636,-411037099
2,3,DynamicArray,middle_pairs,10000,1000,2000,52701200,26350.600000,11600347314
2,3,JavaLinkedList,middle_pairs,10000,1000,2000,18769600,9384.800000,11600347314
2,3,DynamicArray,tail_pairs,1000,1000,2000,25900,12.950000,41810688536
2,3,JavaLinkedList,random_get,10000,1000,1000,4492300,4492.300000,4963002
2,3,ArrayList,middle_pairs,100000,1000,2000,29575900,14787.950000,13988981226
2,3,JavaLinkedList,append,1000,1000,1000,17300,17.300000,1999
2,3,LinkedList,front_pairs,1000,1000,2000,35400,17.700000,41810688536
2,3,ArrayList,contains_miss,1000,1000,1000,1351700,1351.700000,1999
2,3,DynamicArray,tail_pairs,10000,1000,2000,45900,22.950000,11600347314
2,3,ArrayList,append,100000,100000,100000,1746500,17.465000,199999
2,3,LinkedList,append,100000,100000,100000,9331000,93.310000,199999
2,3,PriorityQueue,peek_min,10000,1000,1000,700,0.700000,-2147384815000
2,3,DynamicArray,middle_pairs,1000,1000,2000,5174700,2587.350000,41810688536
2,3,DynamicArray,append,1000,1000,1000,15500,15.500000,1999
2,3,JavaLinkedList,front_pairs,1000,1000,2000,153000,76.500000,41810688536
2,3,DynamicArray,front_pairs,100000,1000,2000,3222495000,1611247.500000,13988981226
2,3,LinkedList,random_get,100000,1000,1000,51185800,51185.800000,50310825
2,3,ArrayList,contains_hit,10000,1000,1000,8105300,8105.300000,20999
2,3,LinkedList,mixed,100000,1000,1100,91659100,83326.454545,-9491243704
2,3,DynamicArray,middle_pairs,100000,1000,2000,1615131700,807565.850000,13988981226
2,3,LinkedList,front_pairs,10000,1000,2000,39000,19.500000,11600347314
2,3,ArrayList,tail_pairs,100000,1000,2000,120400,60.200000,13988981226
2,3,PriorityQueue,insert_extract,1000,1000,2000,209000,104.500000,-1081237753583
2,3,LinkedList,middle_pairs,100000,1000,2000,202446400,101223.200000,13988981226
2,3,DynamicArray,contains_miss,1000,1000,1000,8477600,8477.600000,1999
2,3,LinkedList,tail_pairs,10000,1000,2000,32400,16.200000,11600347314
2,3,MinHeap,insert_extract,10000,1000,2000,421700,210.850000,-1963426808933
2,3,DynamicArray,mixed,10000,1000,1100,9400900,8546.272727,11121365499
2,3,JavaLinkedList,append,100000,100000,100000,1875600,18.756000,199999
2,3,JavaLinkedList,tail_pairs,1000,1000,2000,37200,18.600000,41810688536
2,3,ArrayList,front_pairs,1000,1000,2000,1938500,969.250000,41810688536
2,3,MinHeap,peek_min,1000,1000,1000,1200,1.200000,-2140783528000
2,3,LinkedList,middle_pairs,10000,1000,2000,19687200,9843.600000,11600347314
2,3,MinHeap,peek_min,10000,1000,1000,2300,2.300000,-2147384815000
2,3,ArrayList,mixed,10000,1000,1100,985000,895.454545,11121365499
2,3,PriorityQueue,build_drain,1000,1000,2000,213500,106.750000,-340482001953199338
2,3,ArrayList,append,1000,1000,1000,28000,28.000000,1999
2,3,LinkedList,middle_pairs,1000,1000,2000,1767600,883.800000,41810688536
2,3,MinHeap,insert_extract,100000,1000,2000,950500,475.250000,-2126723103145
2,4,LinkedList,random_get,1000,1000,1000,448000,448.000000,504100
2,4,ArrayList,front_pairs,1000,1000,2000,441100,220.550000,41810688536
2,4,LinkedList,tail_pairs,1000,1000,2000,29500,14.750000,41810688536
2,4,PriorityQueue,build_drain,1000,1000,2000,212400,106.200000,-340482001953199338
2,4,PriorityQueue,insert_extract,1000,1000,2000,208100,104.050000,-1081237753583
2,4,JavaLinkedList,contains_miss,10000,1000,1000,31625200,31625.200000,19999
2,4,DynamicArray,tail_pairs,10000,1000,2000,31400,15.700000,11600347314
2,4,JavaLinkedList,random_get,100000,1000,1000,51623000,51623.000000,50310825
2,4,JavaLinkedList,append,100000,100000,100000,1650000,16.500000,199999
2,4,LinkedList,middle_pairs,1000,1000,2000,1742500,871.250000,41810688536
2,4,JavaLinkedList,middle_pairs,10000,1000,2000,18632500,9316.250000,11600347314
2,4,ArrayList,random_get,100000,1000,1000,36500,36.500000,50310825
2,4,DynamicArray,append,10000,10000,10000,162400,16.240000,19999
2,4,ArrayList,contains_miss,1000,1000,1000,1367100,1367.100000,1999
2,4,MinHeap,build_drain,10000,10000,20000,4201500,210.075000,672278366117189062
2,4,DynamicArray,front_pairs,100000,1000,2000,3219735100,1609867.550000,13988981226
2,4,MinHeap,peek_min,100000,1000,1000,1700,1.700000,-2147450520000
2,4,ArrayList,mixed,10000,1000,1100,952400,865.818182,11121365499
2,4,ArrayList,append,10000,10000,10000,172200,17.220000,19999
2,4,LinkedList,contains_hit,1000,1000,1000,3366000,3366.000000,2999
2,4,JavaLinkedList,contains_hit,1000,1000,1000,1167400,1167.400000,2999
2,4,PriorityQueue,build_drain,10000,10000,20000,3476300,173.815000,672278366117189062
2,4,DynamicArray,tail_pairs,100000,1000,2000,102000,51.000000,13988981226
2,4,ArrayList,mixed,100000,1000,1100,11197600,10179.636364,-9491243704
2,4,DynamicArray,append,1000,1000,1000,16200,16.200000,1999
2,4,ArrayList,contains_miss,10000,1000,1000,14951900,14951.900000,19999
2,4,ArrayList,contains_miss,100000,1000,1000,154450300,154450.300000,199999
2,4,MinHeap,insert_extract,10000,1000,2000,429700,214.850000,-1963426808933
2,4,DynamicArray,middle_pairs,100000,1000,2000,1601584300,800792.150000,13988981226
2,4,DynamicArray,front_pairs,10000,1000,2000,113302900,56651.450000,11600347314
2,4,LinkedList,front_pairs,10000,1000,2000,36200,18.100000,11600347314
2,4,LinkedList,contains_miss,1000,1000,1000,6907000,6907.000000,1999
2,4,DynamicArray,mixed,1000,1000,1100,842600,766.000000,-411037099
2,4,JavaLinkedList,tail_pairs,100000,1000,2000,111100,55.550000,13988981226
2,4,MinHeap,peek_min,10000,1000,1000,700,0.700000,-2147384815000
2,4,JavaLinkedList,append,10000,10000,10000,152800,15.280000,19999
2,4,ArrayList,middle_pairs,100000,1000,2000,29990000,14995.000000,13988981226
2,4,JavaLinkedList,front_pairs,1000,1000,2000,37700,18.850000,41810688536
2,4,JavaLinkedList,front_pairs,10000,1000,2000,37100,18.550000,11600347314
2,4,DynamicArray,random_get,100000,1000,1000,70900,70.900000,50310825
2,4,LinkedList,contains_miss,100000,1000,1000,761119000,761119.000000,199999
2,4,LinkedList,mixed,1000,1000,1100,783600,712.363636,-411037099
2,4,ArrayList,append,100000,100000,100000,2007700,20.077000,199999
2,4,DynamicArray,contains_hit,1000,1000,1000,3980900,3980.900000,2999
2,4,JavaLinkedList,contains_hit,10000,1000,1000,13622800,13622.800000,20999
2,4,LinkedList,mixed,100000,1000,1100,104982900,95439.000000,-9491243704
2,4,JavaLinkedList,front_pairs,100000,1000,2000,146900,73.450000,13988981226
2,4,DynamicArray,tail_pairs,1000,1000,2000,25700,12.850000,41810688536
2,4,DynamicArray,contains_miss,100000,1000,1000,827273600,827273.600000,199999
2,4,ArrayList,random_get,1000,1000,1000,12100,12.100000,504100
2,4,PriorityQueue,peek_min,10000,1000,1000,1000,1.000000,-2147384815000
2,4,MinHeap,insert_extract,1000,1000,2000,292700,146.350000,-1081237753583
2,4,ArrayList,middle_pairs,1000,1000,2000,270700,135.350000,41810688536
2,4,LinkedList,tail_pairs,10000,1000,2000,34100,17.050000,11600347314
2,4,PriorityQueue,build_drain,100000,100000,200000,54557000,272.785000,-350351884665564429
2,4,MinHeap,build_drain,1000,1000,2000,288700,144.350000,-340482001953199338
2,4,JavaLinkedList,contains_hit,100000,1000,1000,169705900,169705.900000,200999
2,4,JavaLinkedList,contains_miss,100000,1000,1000,335541900,335541.900000,199999
2,4,MinHeap,build_drain,100000,100000,200000,76191300,380.956500,-350351884665564429
2,4,DynamicArray,random_get,1000,1000,1000,29600,29.600000,504100
2,4,LinkedList,append,100000,100000,100000,1723600,17.236000,199999
2,4,LinkedList,front_pairs,1000,1000,2000,32800,16.400000,41810688536
2,4,JavaLinkedList,tail_pairs,10000,1000,2000,38500,19.250000,11600347314
2,4,DynamicArray,contains_hit,100000,1000,1000,410058200,410058.200000,200999
2,4,MinHeap,peek_min,1000,1000,1000,700,0.700000,-2140783528000
2,4,DynamicArray,random_get,10000,1000,1000,36300,36.300000,4963002
2,4,DynamicArray,contains_miss,1000,1000,1000,8372900,8372.900000,1999
2,4,ArrayList,tail_pairs,10000,1000,2000,38000,19.000000,11600347314
2,4,ArrayList,mixed,1000,1000,1100,128500,116.818182,-411037099
2,4,LinkedList,mixed,10000,1000,1100,7742500,7038.636364,11121365499
2,4,DynamicArray,middle_pairs,1000,1000,2000,5364000,2682.000000,41810688536
2,4,ArrayList,contains_hit,1000,1000,1000,698500,698.500000,2999
2,4,PriorityQueue,insert_extract,100000,1000,2000,953200,476.600000,-2126723103145
2,4,LinkedList,front_pairs,100000,1000,2000,114300,57.150000,13988981226
2,4,JavaLinkedList,middle_pairs,1000,1000,2000,1754500,877.250000,41810688536
2,4,DynamicArray,middle_pairs,10000,1000,2000,52060800,26030.400000,11600347314
2,4,JavaLinkedList,tail_pairs,1000,1000,2000,45200,22.600000,41810688536
2,4,JavaLinkedList,random_get,1000,1000,1000,420100,420.100000,504100
2,4,DynamicArray,mixed,100000,1000,1100,199334700,181213.363636,-9491243704
2,4,ArrayList,front_pairs,100000,1000,2000,58075100,29037.550000,13988981226
2,4,PriorityQueue,peek_min,100000,1000,1000,900,0.900000,-2147450520000
2,4,ArrayList,random_get,10000,1000,1000,14500,14.500000,4963002
2,4,JavaLinkedList,mixed,100000,1000,1100,67773800,61612.545455,-9491243704
2,4,LinkedList,contains_hit,10000,1000,1000,36120900,36120.900000,20999
2,4,LinkedList,random_get,100000,1000,1000,48571200,48571.200000,50310825
2,4,JavaLinkedList,random_get,10000,1000,1000,4703400,4703.400000,4963002
2,4,LinkedList,tail_pairs,100000,1000,2000,108100,54.050000,13988981226
2,4,LinkedList,contains_miss,10000,1000,1000,71676300,71676.300000,19999
2,4,JavaLinkedList,mixed,1000,1000,1100,564800,513.454545,-411037099
2,4,LinkedList,append,1000,1000,1000,14600,14.600000,1999
2,4,LinkedList,middle_pairs,100000,1000,2000,197276500,98638.250000,13988981226
2,4,ArrayList,contains_hit,100000,1000,1000,76201400,76201.400000,200999
2,4,ArrayList,middle_pairs,10000,1000,2000,1981500,990.750000,11600347314
2,4,LinkedList,middle_pairs,10000,1000,2000,18838700,9419.350000,11600347314
2,4,ArrayList,tail_pairs,100000,1000,2000,99800,49.900000,13988981226
2,4,JavaLinkedList,middle_pairs,100000,1000,2000,195038500,97519.250000,13988981226
2,4,JavaLinkedList,mixed,10000,1000,1100,7018100,6380.090909,11121365499
2,4,DynamicArray,contains_hit,10000,1000,1000,40803900,40803.900000,20999
2,4,PriorityQueue,insert_extract,10000,1000,2000,326400,163.200000,-1963426808933
2,4,DynamicArray,contains_miss,10000,1000,1000,82043300,82043.300000,19999
2,4,ArrayList,contains_hit,10000,1000,1000,7880100,7880.100000,20999
2,4,LinkedList,contains_hit,100000,1000,1000,367963100,367963.100000,200999
2,4,MinHeap,insert_extract,100000,1000,2000,860300,430.150000,-2126723103145
2,4,PriorityQueue,peek_min,1000,1000,1000,400,0.400000,-2140783528000
2,4,DynamicArray,mixed,10000,1000,1100,9496700,8633.363636,11121365499
2,4,JavaLinkedList,append,1000,1000,1000,34300,34.300000,1999
2,4,DynamicArray,append,100000,100000,100000,2274200,22.742000,199999
2,4,ArrayList,append,1000,1000,1000,30800,30.800000,1999
2,4,ArrayList,tail_pairs,1000,1000,2000,42600,21.300000,41810688536
2,4,JavaLinkedList,contains_miss,1000,1000,1000,2612800,2612.800000,1999
2,4,ArrayList,front_pairs,10000,1000,2000,4845900,2422.950000,11600347314
2,4,DynamicArray,front_pairs,1000,1000,2000,10394700,5197.350000,41810688536
2,4,LinkedList,random_get,10000,1000,1000,4811100,4811.100000,4963002
2,4,LinkedList,append,10000,10000,10000,136900,13.690000,19999
2,5,MinHeap,insert_extract,1000,1000,2000,280800,140.400000,-1081237753583
2,5,LinkedList,contains_hit,100000,1000,1000,367528300,367528.300000,200999
2,5,MinHeap,peek_min,100000,1000,1000,4900,4.900000,-2147450520000
2,5,JavaLinkedList,random_get,100000,1000,1000,48641400,48641.400000,50310825
2,5,ArrayList,contains_miss,100000,1000,1000,157595800,157595.800000,199999
2,5,DynamicArray,tail_pairs,10000,1000,2000,36200,18.100000,11600347314
2,5,ArrayList,random_get,10000,1000,1000,15400,15.400000,4963002
2,5,LinkedList,contains_hit,10000,1000,1000,35751100,35751.100000,20999
2,5,DynamicArray,random_get,1000,1000,1000,13400,13.400000,504100
2,5,LinkedList,contains_miss,1000,1000,1000,7263100,7263.100000,1999
2,5,LinkedList,contains_miss,10000,1000,1000,72173500,72173.500000,19999
2,5,ArrayList,mixed,1000,1000,1100,125300,113.909091,-411037099
2,5,ArrayList,middle_pairs,100000,1000,2000,28772500,14386.250000,13988981226
2,5,JavaLinkedList,append,10000,10000,10000,231400,23.140000,19999
2,5,DynamicArray,contains_hit,100000,1000,1000,407396800,407396.800000,200999
2,5,PriorityQueue,peek_min,100000,1000,1000,1700,1.700000,-2147450520000
2,5,DynamicArray,append,10000,10000,10000,188900,18.890000,19999
2,5,ArrayList,tail_pairs,1000,1000,2000,30900,15.450000,41810688536
2,5,ArrayList,middle_pairs,10000,1000,2000,1890200,945.100000,11600347314
2,5,JavaLinkedList,tail_pairs,10000,1000,2000,34900,17.450000,11600347314
2,5,ArrayList,contains_miss,1000,1000,1000,1316600,1316.600000,1999
2,5,ArrayList,tail_pairs,100000,1000,2000,81900,40.950000,13988981226
2,5,PriorityQueue,insert_extract,100000,1000,2000,864500,432.250000,-2126723103145
2,5,ArrayList,random_get,1000,1000,1000,12600,12.600000,504100
2,5,LinkedList,append,10000,10000,10000,298700,29.870000,19999
2,5,LinkedList,mixed,10000,1000,1100,8874600,8067.818182,11121365499
2,5,MinHeap,peek_min,10000,1000,1000,2100,2.100000,-2147384815000
2,5,MinHeap,peek_min,1000,1000,1000,300,0.300000,-2140783528000
2,5,JavaLinkedList,middle_pairs,100000,1000,2000,215923200,107961.600000,13988981226
2,5,DynamicArray,front_pairs,10000,1000,2000,110684000,55342.000000,11600347314
2,5,DynamicArray,mixed,100000,1000,1100,200799800,182545.272727,-9491243704
2,5,PriorityQueue,build_drain,10000,10000,20000,3329700,166.485000,672278366117189062
2,5,LinkedList,random_get,100000,1000,1000,49915800,49915.800000,50310825
2,5,MinHeap,insert_extract,100000,1000,2000,930600,465.300000,-2126723103145
2,5,ArrayList,contains_hit,1000,1000,1000,682300,682.300000,2999
2,5,JavaLinkedList,contains_miss,100000,1000,1000,332030200,332030.200000,199999
2,5,DynamicArray,tail_pairs,100000,1000,2000,168100,84.050000,13988981226
2,5,LinkedList,middle_pairs,1000,1000,2000,1732800,866.400000,41810688536
2,5,DynamicArray,random_get,100000,1000,1000,64200,64.200000,50310825
2,5,LinkedList,tail_pairs,100000,1000,2000,87700,43.850000,13988981226
2,5,ArrayList,front_pairs,10000,1000,2000,4385700,2192.850000,11600347314
2,5,ArrayList,front_pairs,1000,1000,2000,433400,216.700000,41810688536
2,5,JavaLinkedList,random_get,1000,1000,1000,438100,438.100000,504100
2,5,DynamicArray,contains_miss,100000,1000,1000,830188900,830188.900000,199999
2,5,PriorityQueue,build_drain,100000,100000,200000,56754900,283.774500,-350351884665564429
2,5,JavaLinkedList,contains_miss,10000,1000,1000,28508200,28508.200000,19999
2,5,ArrayList,middle_pairs,1000,1000,2000,437700,218.850000,41810688536
2,5,LinkedList,mixed,100000,1000,1100,87906100,79914.636364,-9491243704
2,5,DynamicArray,middle_pairs,1000,1000,2000,5303400,2651.700000,41810688536
2,5,DynamicArray,append,1000,1000,1000,19900,19.900000,1999
2,5,DynamicArray,mixed,1000,1000,1100,854700,777.000000,-411037099
2,5,DynamicArray,mixed,10000,1000,1100,9355800,8505.272727,11121365499
2,5,JavaLinkedList,front_pairs,1000,1000,2000,36200,18.100000,41810688536
2,5,DynamicArray,contains_miss,10000,1000,1000,84467200,84467.200000,19999
2,5,JavaLinkedList,tail_pairs,1000,1000,2000,39000,19.500000,41810688536
2,5,MinHeap,build_drain,100000,100000,200000,90244500,451.222500,-350351884665564429
2,5,DynamicArray,contains_miss,1000,1000,1000,8221400,8221.400000,1999
2,5,JavaLinkedList,mixed,1000,1000,1100,587800,534.363636,-411037099
2,5,PriorityQueue,build_drain,1000,1000,2000,226000,113.000000,-340482001953199338
2,5,JavaLinkedList,middle_pairs,1000,1000,2000,1756400,878.200000,41810688536
2,5,LinkedList,random_get,10000,1000,1000,4584200,4584.200000,4963002
2,5,JavaLinkedList,mixed,10000,1000,1100,5767200,5242.909091,11121365499
2,5,JavaLinkedList,mixed,100000,1000,1100,72199700,65636.090909,-9491243704
2,5,JavaLinkedList,contains_hit,1000,1000,1000,1186100,1186.100000,2999
2,5,ArrayList,append,1000,1000,1000,18600,18.600000,1999
2,5,ArrayList,append,10000,10000,10000,194800,19.480000,19999
2,5,LinkedList,tail_pairs,1000,1000,2000,29700,14.850000,41810688536
2,5,LinkedList,middle_pairs,10000,1000,2000,19746300,9873.150000,11600347314
2,5,LinkedList,random_get,1000,1000,1000,429400,429.400000,504100
2,5,DynamicArray,front_pairs,1000,1000,2000,10797500,5398.750000,41810688536
2,5,PriorityQueue,insert_extract,10000,1000,2000,385600,192.800000,-1963426808933
2,5,MinHeap,build_drain,10000,10000,20000,4174100,208.705000,672278366117189062
2,5,DynamicArray,middle_pairs,100000,1000,2000,1592041800,796020.900000,13988981226
2,5,DynamicArray,contains_hit,1000,1000,1000,4060100,4060.100000,2999
2,5,ArrayList,random_get,100000,1000,1000,24600,24.600000,50310825
2,5,ArrayList,contains_hit,100000,1000,1000,72866800,72866.800000,200999
2,5,ArrayList,append,100000,100000,100000,1780700,17.807000,199999
2,5,LinkedList,contains_miss,100000,1000,1000,779223000,779223.000000,199999
2,5,JavaLinkedList,tail_pairs,100000,1000,2000,90800,45.400000,13988981226
2,5,LinkedList,mixed,1000,1000,1100,758900,689.909091,-411037099
2,5,DynamicArray,contains_hit,10000,1000,1000,41918500,41918.500000,20999
2,5,LinkedList,front_pairs,10000,1000,2000,34100,17.050000,11600347314
2,5,ArrayList,tail_pairs,10000,1000,2000,30000,15.000000,11600347314
2,5,LinkedList,tail_pairs,10000,1000,2000,28500,14.250000,11600347314
2,5,DynamicArray,append,100000,100000,100000,1993400,19.934000,199999
2,5,ArrayList,mixed,100000,1000,1100,12282700,11166.090909,-9491243704
2,5,ArrayList,mixed,10000,1000,1100,868300,789.363636,11121365499
2,5,JavaLinkedList,front_pairs,100000,1000,2000,121700,60.850000,13988981226
2,5,JavaLinkedList,contains_miss,1000,1000,1000,2686800,2686.800000,1999
2,5,ArrayList,contains_hit,10000,1000,1000,6886600,6886.600000,20999
2,5,JavaLinkedList,contains_hit,10000,1000,1000,12943400,12943.400000,20999
2,5,LinkedList,front_pairs,1000,1000,2000,32200,16.100000,41810688536
2,5,LinkedList,append,100000,100000,100000,1614700,16.147000,199999
2,5,DynamicArray,front_pairs,100000,1000,2000,3373238500,1686619.250000,13988981226
2,5,LinkedList,front_pairs,100000,1000,2000,97500,48.750000,13988981226
2,5,ArrayList,contains_miss,10000,1000,1000,14056000,14056.000000,19999
2,5,JavaLinkedList,append,100000,100000,100000,1737700,17.377000,199999
2,5,PriorityQueue,peek_min,10000,1000,1000,1100,1.100000,-2147384815000
2,5,JavaLinkedList,append,1000,1000,1000,16800,16.800000,1999
2,5,DynamicArray,tail_pairs,1000,1000,2000,25600,12.800000,41810688536
2,5,JavaLinkedList,middle_pairs,10000,1000,2000,18440600,9220.300000,11600347314
2,5,DynamicArray,random_get,10000,1000,1000,32100,32.100000,4963002
2,5,ArrayList,front_pairs,100000,1000,2000,61824700,30912.350000,13988981226
2,5,LinkedList,append,1000,1000,1000,14700,14.700000,1999
2,5,DynamicArray,middle_pairs,10000,1000,2000,52974800,26487.400000,11600347314
2,5,JavaLinkedList,front_pairs,10000,1000,2000,39800,19.900000,11600347314
2,5,LinkedList,contains_hit,1000,1000,1000,3529500,3529.500000,2999
2,5,PriorityQueue,insert_extract,1000,1000,2000,197600,98.800000,-1081237753583
2,5,PriorityQueue,peek_min,1000,1000,1000,600,0.600000,-2140783528000
2,5,MinHeap,insert_extract,10000,1000,2000,391300,195.650000,-1963426808933
2,5,LinkedList,middle_pairs,100000,1000,2000,200101200,100050.600000,13988981226
2,5,MinHeap,build_drain,1000,1000,2000,278100,139.050000,-340482001953199338
2,5,JavaLinkedList,random_get,10000,1000,1000,4452900,4452.900000,4963002
2,5,JavaLinkedList,contains_hit,100000,1000,1000,149843300,149843.300000,200999
