workload,structure,n,samples,forks,median_ns_per_op,min_fork_median_ns,max_fork_median_ns
append,ArrayList,1000,15,3,20.600,13.900,20.800
append,ArrayList,10000,15,3,19.940,12.210,26.390
append,ArrayList,100000,15,3,17.663,10.542,17.807
append,DynamicArray,1000,15,3,16.000,15.900,16.200
append,DynamicArray,10000,15,3,17.210,15.770,17.580
append,DynamicArray,100000,15,3,22.085,20.989,23.873
append,JavaLinkedList,1000,15,3,18.800,12.800,34.900
append,JavaLinkedList,10000,15,3,17.460,12.820,18.790
append,JavaLinkedList,100000,15,3,16.204,15.998,16.500
append,LinkedList,1000,15,3,14.800,14.700,15.200
append,LinkedList,10000,15,3,17.860,14.690,23.120
append,LinkedList,100000,15,3,16.448,15.182,16.960
build_drain,MinHeap,1000,15,3,137.350,136.850,137.850
build_drain,MinHeap,10000,15,3,203.635,202.070,206.335
build_drain,MinHeap,100000,15,3,394.794,392.399,404.730
build_drain,PriorityQueue,1000,15,3,109.450,104.350,115.050
build_drain,PriorityQueue,10000,15,3,160.920,152.705,164.620
build_drain,PriorityQueue,100000,15,3,269.389,256.893,272.785
contains_hit,ArrayList,1000,15,3,689.900,684.300,732.200
contains_hit,ArrayList,10000,15,3,7676.900,7483.500,8047.500
contains_hit,ArrayList,100000,15,3,75386.900,72866.800,82099.600
contains_hit,DynamicArray,1000,15,3,3944.000,3942.300,3965.900
contains_hit,DynamicArray,10000,15,3,41634.400,41280.300,41918.500
contains_hit,DynamicArray,100000,15,3,406773.900,406538.000,407396.800
contains_hit,JavaLinkedList,1000,15,3,1179.900,1158.300,1415.100
contains_hit,JavaLinkedList,10000,15,3,13540.900,13376.400,13622.800
contains_hit,JavaLinkedList,100000,15,3,153552.500,149843.300,157228.500
contains_hit,LinkedList,1000,15,3,3501.100,3407.900,3529.500
contains_hit,LinkedList,10000,15,3,36136.900,35751.100,36518.100
contains_hit,LinkedList,100000,15,3,367362.800,361603.900,370416.600
contains_miss,ArrayList,1000,15,3,1369.500,1351.700,1475.600
contains_miss,ArrayList,10000,15,3,14951.900,14606.500,15473.500
contains_miss,ArrayList,100000,15,3,157595.800,153896.500,165112.100
contains_miss,DynamicArray,1000,15,3,8372.900,8355.700,8402.300
contains_miss,DynamicArray,10000,15,3,82449.100,82352.800,83164.600
contains_miss,DynamicArray,100000,15,3,830193.500,827273.600,831994.000
contains_miss,JavaLinkedList,1000,15,3,2557.800,2528.500,2612.800
contains_miss,JavaLinkedList,10000,15,3,26106.600,25915.500,28508.200
contains_miss,JavaLinkedList,100000,15,3,335541.900,310841.000,337112.200
contains_miss,LinkedList,1000,15,3,7025.500,6869.900,7263.100
contains_miss,LinkedList,10000,15,3,72707.700,71676.300,73037.200
contains_miss,LinkedList,100000,15,3,761119.000,749608.600,803736.900
front_pairs,ArrayList,1000,15,3,236.000,217.200,248.150
front_pairs,ArrayList,10000,15,3,2141.450,2134.750,2310.000
front_pairs,ArrayList,100000,15,3,29037.550,28958.650,29443.200
front_pairs,DynamicArray,1000,15,3,5278.000,5197.350,5351.050
front_pairs,DynamicArray,10000,15,3,53326.750,53176.950,53467.350
front_pairs,DynamicArray,100000,15,3,1609867.550,1596234.350,1610236.400
front_pairs,JavaLinkedList,1000,15,3,19.200,18.800,21.100
front_pairs,JavaLinkedList,10000,15,3,20.200,18.500,27.500
front_pairs,JavaLinkedList,100000,15,3,22.600,20.650,73.450
front_pairs,LinkedList,1000,15,3,17.950,16.400,18.800
front_pairs,LinkedList,10000,15,3,18.850,18.100,19.700
front_pairs,LinkedList,100000,15,3,20.050,17.800,56.800
insert_extract,MinHeap,1000,15,3,146.350,141.400,151.500
insert_extract,MinHeap,10000,15,3,204.650,201.600,210.850
insert_extract,MinHeap,100000,15,3,465.300,397.850,526.300
insert_extract,PriorityQueue,1000,15,3,101.500,100.600,102.900
insert_extract,PriorityQueue,10000,15,3,156.800,155.850,162.900
insert_extract,PriorityQueue,100000,15,3,347.250,260.200,368.000
middle_pairs,ArrayList,1000,15,3,141.350,135.250,145.450
middle_pairs,ArrayList,10000,15,3,945.100,896.250,958.550
middle_pairs,ArrayList,100000,15,3,13758.200,13475.350,14386.250
middle_pairs,DynamicArray,1000,15,3,2658.550,2635.450,2675.650
middle_pairs,DynamicArray,10000,15,3,26487.400,26453.450,26811.450
middle_pairs,DynamicArray,100000,15,3,801216.900,799610.000,803096.200
middle_pairs,JavaLinkedList,1000,15,3,858.800,851.600,877.250
middle_pairs,JavaLinkedList,10000,15,3,9323.250,9220.300,9474.800
middle_pairs,JavaLinkedList,100000,15,3,97440.250,97054.750,100806.800
middle_pairs,LinkedList,1000,15,3,871.100,866.400,877.750
middle_pairs,LinkedList,10000,15,3,9403.600,9170.850,9455.200
middle_pairs,LinkedList,100000,15,3,99873.750,94856.250,100050.600
mixed,ArrayList,1000,15,3,109.636,106.909,112.091
mixed,ArrayList,10000,15,3,865.818,841.364,902.455
mixed,ArrayList,100000,15,3,9992.455,9472.000,10713.273
mixed,DynamicArray,1000,15,3,781.455,780.909,798.545
mixed,DynamicArray,10000,15,3,8505.273,8475.636,8575.727
mixed,DynamicArray,100000,15,3,181194.545,180308.909,184061.364
mixed,JavaLinkedList,1000,15,3,513.455,503.182,532.182
mixed,JavaLinkedList,10000,15,3,5386.273,5292.364,5827.727
mixed,JavaLinkedList,100000,15,3,66182.636,61612.545,67995.909
mixed,LinkedList,1000,15,3,696.545,676.727,700.909
mixed,LinkedList,10000,15,3,7308.364,7168.909,7603.000
mixed,LinkedList,100000,15,3,88559.545,84447.091,89979.273
peek_min,MinHeap,1000,15,3,0.700,0.500,0.700
peek_min,MinHeap,10000,15,3,1.200,0.700,2.100
peek_min,MinHeap,100000,15,3,1.700,1.500,2.200
peek_min,PriorityQueue,1000,15,3,0.500,0.500,0.600
peek_min,PriorityQueue,10000,15,3,0.800,0.800,1.100
peek_min,PriorityQueue,100000,15,3,1.500,1.500,1.700
random_get,ArrayList,1000,15,3,12.100,12.000,12.200
random_get,ArrayList,10000,15,3,14.900,14.600,15.400
random_get,ArrayList,100000,15,3,40.900,26.200,55.200
random_get,DynamicArray,1000,15,3,13.400,13.400,15.400
random_get,DynamicArray,10000,15,3,36.300,18.300,40.900
random_get,DynamicArray,100000,15,3,67.500,64.200,96.600
random_get,JavaLinkedList,1000,15,3,420.200,420.100,435.900
random_get,JavaLinkedList,10000,15,3,4501.000,4492.300,4687.300
random_get,JavaLinkedList,100000,15,3,52345.100,48433.500,52518.200
random_get,LinkedList,1000,15,3,427.000,422.800,429.400
random_get,LinkedList,10000,15,3,4584.200,4484.200,5067.800
random_get,LinkedList,100000,15,3,49300.000,49263.800,51185.800
tail_pairs,ArrayList,1000,15,3,16.150,15.300,16.950
tail_pairs,ArrayList,10000,15,3,15.350,14.800,16.350
tail_pairs,ArrayList,100000,15,3,16.500,16.100,48.450
tail_pairs,DynamicArray,1000,15,3,13.300,12.950,13.650
tail_pairs,DynamicArray,10000,15,3,15.150,12.900,22.950
tail_pairs,DynamicArray,100000,15,3,19.150,18.950,62.300
tail_pairs,JavaLinkedList,1000,15,3,19.300,18.000,19.500
tail_pairs,JavaLinkedList,10000,15,3,19.500,17.500,19.550
tail_pairs,JavaLinkedList,100000,15,3,23.050,19.800,53.050
tail_pairs,LinkedList,1000,15,3,16.350,15.600,16.450
tail_pairs,LinkedList,10000,15,3,16.200,15.550,16.800
tail_pairs,LinkedList,100000,15,3,17.000,17.000,54.050
